trade_date,trend_direction,confidence
2025-01-27 01:30:00,1,1
2025-01-27 01:40:00,0,1
2025-01-27 01:50:00,0,1
2025-01-27 02:00:00,0,1
2025-01-27 02:10:00,2,2
2025-01-27 02:20:00,2,2
2025-01-27 02:30:00,2,2
2025-01-27 02:40:00,2,2
2025-01-27 02:50:00,0,1
2025-01-27 03:00:00,2,2
2025-01-27 03:10:00,2,2
2025-01-27 03:20:00,0,1
2025-01-27 03:30:00,2,2
2025-01-27 03:40:00,0,1
2025-01-27 03:50:00,2,2
2025-01-27 04:00:00,2,2
2025-01-27 04:10:00,2,2
2025-01-27 04:20:00,1,1
2025-01-27 04:30:00,2,2
2025-01-27 04:40:00,2,2
2025-01-27 04:50:00,2,2
2025-01-27 05:00:00,2,2
2025-01-27 05:10:00,2,2
2025-01-27 05:20:00,2,2
2025-01-27 05:30:00,0,1
2025-01-27 05:40:00,2,2
2025-01-27 05:50:00,1,1
2025-01-27 06:00:00,2,2
2025-01-27 06:10:00,2,2
2025-01-27 06:20:00,2,2
2025-01-27 06:30:00,0,1
2025-01-27 06:40:00,2,2
2025-01-27 06:50:00,2,2
2025-01-27 07:00:00,0,1
2025-01-27 07:10:00,0,1
2025-01-27 07:20:00,0,1
2025-01-27 07:30:00,2,2
2025-01-27 07:40:00,1,1
2025-01-27 07:50:00,2,2
2025-01-27 08:00:00,0,1
2025-01-27 08:10:00,2,2
2025-01-27 08:20:00,2,2
2025-01-27 08:30:00,0,1
2025-01-27 08:40:00,0,1
2025-01-27 08:50:00,2,2
2025-01-27 09:00:00,2,2
2025-01-27 09:10:00,2,2
2025-01-27 09:20:00,2,2
2025-01-27 09:30:00,2,2
2025-01-27 09:40:00,2,2
2025-01-27 09:50:00,2,2
2025-01-27 10:00:00,1,1
2025-01-27 10:10:00,2,2
2025-01-27 10:20:00,2,2
2025-01-27 10:30:00,2,2
2025-01-27 10:40:00,2,2
2025-01-27 10:50:00,2,2
2025-01-27 11:00:00,2,2
2025-01-27 11:10:00,2,2
2025-01-27 11:20:00,0,1
2025-01-27 11:30:00,0,0
2025-01-27 11:40:00,0,0
2025-01-27 11:50:00,0,0
2025-01-27 12:00:00,0,0
2025-01-27 12:10:00,0,0
2025-01-27 12:20:00,0,0
2025-01-27 12:30:00,0,0
2025-01-27 12:40:00,0,0
2025-01-27 12:50:00,0,1
2025-01-27 13:00:00,0,0
2025-01-27 13:10:00,0,0
2025-01-27 13:20:00,0,0
2025-01-27 13:30:00,0,0
2025-01-27 13:40:00,0,1
2025-01-27 13:50:00,0,1
2025-01-27 14:00:00,0,1
2025-01-27 14:10:00,0,0
2025-01-27 14:20:00,2,2
2025-01-27 14:30:00,2,2
2025-01-27 14:40:00,2,2
2025-01-27 14:50:00,2,2
2025-01-27 15:00:00,2,2
2025-01-27 15:10:00,0,1
2025-01-27 15:20:00,0,1
2025-01-27 15:30:00,0,1
2025-01-27 15:40:00,0,1
2025-01-27 15:50:00,2,2
2025-01-27 16:00:00,2,2
2025-01-27 16:10:00,2,2
2025-01-27 16:20:00,0,1
2025-01-27 16:30:00,2,2
2025-01-27 16:40:00,2,2
2025-01-27 16:50:00,0,1
2025-01-27 17:00:00,0,1
2025-01-27 17:10:00,2,2
2025-01-27 17:20:00,0,1
2025-01-27 17:30:00,0,1
2025-01-27 17:40:00,2,2
2025-01-27 17:50:00,2,2
2025-01-27 18:00:00,0,1
2025-01-27 18:10:00,2,2
2025-01-27 18:20:00,1,1
2025-01-27 18:30:00,2,2
2025-01-27 18:40:00,0,1
2025-01-27 18:50:00,2,2
2025-01-27 19:00:00,0,1
2025-01-27 19:10:00,0,1
2025-01-27 19:20:00,0,1
2025-01-27 19:30:00,0,1
2025-01-27 19:40:00,2,2
2025-01-27 19:50:00,1,1
2025-01-27 20:00:00,2,2
2025-01-27 20:10:00,2,2
2025-01-27 20:20:00,2,2
2025-01-27 20:30:00,1,1
2025-01-27 20:40:00,2,2
2025-01-27 20:50:00,2,2
2025-01-27 21:00:00,2,2
2025-01-27 21:10:00,2,2
2025-01-27 21:20:00,2,2
2025-01-27 21:30:00,0,1
2025-01-27 21:40:00,2,2
2025-01-27 21:50:00,2,2
2025-01-27 22:00:00,2,2
2025-01-27 22:10:00,0,1
2025-01-27 22:20:00,2,2
2025-01-27 22:30:00,2,2
2025-01-27 22:40:00,2,2
2025-01-27 22:50:00,0,1
2025-01-27 23:00:00,2,2
2025-01-27 23:10:00,2,2
2025-01-27 23:20:00,2,2
2025-01-27 23:30:00,2,2
2025-01-27 23:40:00,2,2
2025-01-27 23:50:00,2,2
2025-01-28 00:00:00,2,2
2025-01-28 00:10:00,2,2
2025-01-28 00:20:00,1,1
2025-01-28 00:30:00,1,1
2025-01-28 00:40:00,1,1
2025-01-28 00:50:00,2,2
2025-01-28 01:00:00,2,2
2025-01-28 01:10:00,0,1
2025-01-28 01:20:00,0,1
2025-01-28 01:30:00,2,2
2025-01-28 01:40:00,2,2
2025-01-28 01:50:00,2,2
2025-01-28 02:00:00,1,1
2025-01-28 02:10:00,1,1
2025-01-28 02:20:00,2,2
2025-01-28 02:30:00,2,2
2025-01-28 02:40:00,0,1
2025-01-28 02:50:00,0,1
2025-01-28 03:00:00,1,1
2025-01-28 03:10:00,1,1
2025-01-28 03:20:00,2,2
2025-01-28 03:30:00,2,2
2025-01-28 03:40:00,2,2
2025-01-28 03:50:00,1,1
2025-01-28 04:00:00,1,1
2025-01-28 04:10:00,2,2
2025-01-28 04:20:00,1,1
2025-01-28 04:30:00,0,1
2025-01-28 04:40:00,2,2
2025-01-28 04:50:00,2,2
2025-01-28 05:00:00,1,0
2025-01-28 05:10:00,1,1
2025-01-28 05:20:00,1,1
2025-01-28 05:30:00,1,1
2025-01-28 05:40:00,1,1
2025-01-28 05:50:00,1,0
2025-01-28 06:00:00,1,0
2025-01-28 06:10:00,1,0
2025-01-28 06:20:00,1,0
2025-01-28 06:30:00,1,0
2025-01-28 06:40:00,1,1
2025-01-28 06:50:00,1,1
2025-01-28 07:00:00,2,2
2025-01-28 07:10:00,2,2
2025-01-28 07:20:00,1,1
2025-01-28 07:30:00,2,2
2025-01-28 07:40:00,2,2
2025-01-28 07:50:00,2,2
2025-01-28 08:00:00,2,2
2025-01-28 08:10:00,2,2
2025-01-28 08:20:00,2,2
2025-01-28 08:30:00,2,2
2025-01-28 08:40:00,2,2
2025-01-28 08:50:00,2,2
2025-01-28 09:00:00,1,1
2025-01-28 09:10:00,2,2
2025-01-28 09:20:00,2,2
2025-01-28 09:30:00,1,0
2025-01-28 09:40:00,2,2
2025-01-28 09:50:00,1,1
2025-01-28 10:00:00,1,1
2025-01-28 10:10:00,1,1
2025-01-28 10:20:00,1,1
2025-01-28 10:30:00,2,2
2025-01-28 10:40:00,1,1
2025-01-28 10:50:00,2,2
2025-01-28 11:00:00,1,1
2025-01-28 11:10:00,1,1
2025-01-28 11:20:00,1,1
2025-01-28 11:30:00,2,2
2025-01-28 11:40:00,2,2
2025-01-28 11:50:00,2,2
2025-01-28 12:00:00,2,2
2025-01-28 12:10:00,2,2
2025-01-28 12:20:00,2,2
2025-01-28 12:30:00,2,2
2025-01-28 12:40:00,2,2
2025-01-28 12:50:00,2,2
2025-01-28 13:00:00,2,2
2025-01-28 13:10:00,2,2
2025-01-28 13:20:00,1,1
2025-01-28 13:30:00,2,2
2025-01-28 13:40:00,2,2
2025-01-28 13:50:00,1,0
2025-01-28 14:00:00,0,1
2025-01-28 14:10:00,1,1
2025-01-28 14:20:00,2,2
2025-01-28 14:30:00,2,2
2025-01-28 14:40:00,1,1
2025-01-28 14:50:00,1,1
2025-01-28 15:00:00,2,2
2025-01-28 15:10:00,1,1
2025-01-28 15:20:00,1,1
2025-01-28 15:30:00,1,0
2025-01-28 15:40:00,1,0
2025-01-28 15:50:00,1,1
2025-01-28 16:00:00,1,1
2025-01-28 16:10:00,1,1
2025-01-28 16:20:00,1,1
2025-01-28 16:30:00,2,2
2025-01-28 16:40:00,2,2
2025-01-28 16:50:00,2,2
2025-01-28 17:00:00,1,1
2025-01-28 17:10:00,1,1
2025-01-28 17:20:00,2,2
2025-01-28 17:30:00,2,2
2025-01-28 17:40:00,1,0
2025-01-28 17:50:00,2,2
2025-01-28 18:00:00,2,2
2025-01-28 18:10:00,1,1
2025-01-28 18:20:00,2,2
2025-01-28 18:30:00,2,2
2025-01-28 18:40:00,2,2
2025-01-28 18:50:00,2,2
2025-01-28 19:00:00,1,1
2025-01-28 19:10:00,2,2
2025-01-28 19:20:00,2,2
2025-01-28 19:30:00,2,2
2025-01-28 19:40:00,2,2
2025-01-28 19:50:00,2,2
2025-01-28 20:00:00,2,2
2025-01-28 20:10:00,1,1
2025-01-28 20:20:00,1,1
2025-01-28 20:30:00,2,2
2025-01-28 20:40:00,2,2
2025-01-28 20:50:00,2,2
2025-01-28 21:00:00,1,1
2025-01-28 21:10:00,2,2
2025-01-28 21:20:00,1,1
2025-01-28 21:30:00,1,1
2025-01-28 21:40:00,2,2
2025-01-28 21:50:00,0,1
2025-01-28 22:00:00,0,1
2025-01-28 22:10:00,2,2
2025-01-28 22:20:00,2,2
2025-01-28 22:30:00,2,2
2025-01-28 22:40:00,1,1
2025-01-28 22:50:00,1,1
2025-01-28 23:00:00,2,2
2025-01-28 23:10:00,0,1
2025-01-28 23:20:00,2,2
2025-01-28 23:30:00,2,2
2025-01-28 23:40:00,2,2
2025-01-28 23:50:00,2,2
2025-01-29 00:00:00,2,2
2025-01-29 00:10:00,0,1
2025-01-29 00:20:00,2,2
2025-01-29 00:30:00,2,2
2025-01-29 00:40:00,0,1
2025-01-29 00:50:00,0,1
2025-01-29 01:00:00,2,2
2025-01-29 01:10:00,2,2
2025-01-29 01:20:00,0,1
2025-01-29 01:30:00,0,1
2025-01-29 01:40:00,2,2
2025-01-29 01:50:00,0,1
2025-01-29 02:00:00,2,2
2025-01-29 02:10:00,2,2
2025-01-29 02:20:00,0,1
2025-01-29 02:30:00,0,1
2025-01-29 02:40:00,0,1
2025-01-29 02:50:00,0,1
2025-01-29 03:00:00,2,2
2025-01-29 03:10:00,2,2
2025-01-29 03:20:00,2,2
2025-01-29 03:30:00,2,2
2025-01-29 03:40:00,2,2
2025-01-29 03:50:00,2,2
2025-01-29 04:00:00,0,0
2025-01-29 04:10:00,2,2
2025-01-29 04:20:00,2,2
2025-01-29 04:30:00,2,2
2025-01-29 04:40:00,2,2
2025-01-29 04:50:00,2,2
2025-01-29 05:00:00,0,1
2025-01-29 05:10:00,0,0
2025-01-29 05:20:00,2,2
2025-01-29 05:30:00,2,2
2025-01-29 05:40:00,2,2
2025-01-29 05:50:00,2,2
2025-01-29 06:00:00,0,1
2025-01-29 06:10:00,0,0
2025-01-29 06:20:00,0,0
2025-01-29 06:30:00,0,0
2025-01-29 06:40:00,0,0
2025-01-29 06:50:00,0,1
2025-01-29 07:00:00,0,1
2025-01-29 07:10:00,0,0
2025-01-29 07:20:00,0,0
2025-01-29 07:30:00,0,1
2025-01-29 07:40:00,0,1
2025-01-29 07:50:00,0,0
2025-01-29 08:00:00,0,0
2025-01-29 08:10:00,0,0
2025-01-29 08:20:00,0,0
2025-01-29 08:30:00,0,0
2025-01-29 08:40:00,0,0
2025-01-29 08:50:00,0,0
2025-01-29 09:00:00,0,1
2025-01-29 09:10:00,0,0
2025-01-29 09:20:00,0,1
2025-01-29 09:30:00,0,1
2025-01-29 09:40:00,0,1
2025-01-29 09:50:00,0,1
2025-01-29 10:00:00,0,0
2025-01-29 10:10:00,2,2
2025-01-29 10:20:00,0,1
2025-01-29 10:30:00,2,2
2025-01-29 10:40:00,2,2
2025-01-29 10:50:00,1,0
2025-01-29 11:00:00,1,0
2025-01-29 11:10:00,1,0
2025-01-29 11:20:00,1,0
2025-01-29 11:30:00,1,0
2025-01-29 11:40:00,1,0
2025-01-29 11:50:00,1,0
2025-01-29 12:00:00,1,0
2025-01-29 12:10:00,1,0
2025-01-29 12:20:00,1,0
2025-01-29 12:30:00,1,0
2025-01-29 12:40:00,1,0
2025-01-29 12:50:00,1,0
2025-01-29 13:00:00,1,0
2025-01-29 13:10:00,1,1
2025-01-29 13:20:00,1,1
2025-01-29 13:30:00,2,2
2025-01-29 13:40:00,2,2
2025-01-29 13:50:00,1,1
2025-01-29 14:00:00,1,1
2025-01-29 14:10:00,1,1
2025-01-29 14:20:00,2,2
2025-01-29 14:30:00,2,2
2025-01-29 14:40:00,1,1
2025-01-29 14:50:00,2,2
2025-01-29 15:00:00,2,2
2025-01-29 15:10:00,2,2
2025-01-29 15:20:00,2,2
2025-01-29 15:30:00,1,1
2025-01-29 15:40:00,2,2
2025-01-29 15:50:00,1,1
2025-01-29 16:00:00,2,2
2025-01-29 16:10:00,1,1
2025-01-29 16:20:00,1,1
2025-01-29 16:30:00,2,2
2025-01-29 16:40:00,2,2
2025-01-29 16:50:00,1,1
2025-01-29 17:00:00,2,2
2025-01-29 17:10:00,1,1
2025-01-29 17:20:00,2,2
2025-01-29 17:30:00,2,2
2025-01-29 17:40:00,2,2
2025-01-29 17:50:00,2,2
2025-01-29 18:00:00,2,2
2025-01-29 18:10:00,1,1
2025-01-29 18:20:00,1,1
2025-01-29 18:30:00,2,2
2025-01-29 18:40:00,0,1
2025-01-29 18:50:00,0,1
2025-01-29 19:00:00,2,2
2025-01-29 19:10:00,1,1
2025-01-29 19:20:00,1,1
2025-01-29 19:30:00,2,2
2025-01-29 19:40:00,2,2
2025-01-29 19:50:00,2,2
2025-01-29 20:00:00,1,1
2025-01-29 20:10:00,2,2
2025-01-29 20:20:00,1,1
2025-01-29 20:30:00,2,2
2025-01-29 20:40:00,2,2
2025-01-29 20:50:00,0,1
2025-01-29 21:00:00,0,1
2025-01-29 21:10:00,2,2
2025-01-29 21:20:00,2,2
2025-01-29 21:30:00,2,2
2025-01-29 21:40:00,2,2
2025-01-29 21:50:00,0,1
2025-01-29 22:00:00,0,1
2025-01-29 22:10:00,0,1
2025-01-29 22:20:00,2,2
2025-01-29 22:30:00,0,1
2025-01-29 22:40:00,0,1
2025-01-29 22:50:00,2,2
2025-01-29 23:00:00,2,2
2025-01-29 23:10:00,0,0
2025-01-29 23:20:00,0,1
2025-01-29 23:30:00,0,0
2025-01-29 23:40:00,0,0
2025-01-29 23:50:00,0,1
2025-01-30 00:00:00,2,2
2025-01-30 00:10:00,2,2
2025-01-30 00:20:00,2,2
2025-01-30 00:30:00,2,2
2025-01-30 00:40:00,0,1
2025-01-30 00:50:00,2,2
2025-01-30 01:00:00,2,2
2025-01-30 01:10:00,2,2
2025-01-30 01:20:00,0,1
2025-01-30 01:30:00,0,1
2025-01-30 01:40:00,2,2
2025-01-30 01:50:00,2,2
2025-01-30 02:00:00,2,2
2025-01-30 02:10:00,2,2
2025-01-30 02:20:00,2,2
2025-01-30 02:30:00,2,2
2025-01-30 02:40:00,2,2
2025-01-30 02:50:00,2,2
2025-01-30 03:00:00,0,1
2025-01-30 03:10:00,2,2
2025-01-30 03:20:00,2,2
2025-01-30 03:30:00,2,2
2025-01-30 03:40:00,2,2
2025-01-30 03:50:00,2,2
2025-01-30 04:00:00,2,2
2025-01-30 04:10:00,2,2
2025-01-30 04:20:00,2,2
2025-01-30 04:30:00,2,2
2025-01-30 04:40:00,2,2
2025-01-30 04:50:00,0,1
2025-01-30 05:00:00,2,2
2025-01-30 05:10:00,2,2
2025-01-30 05:20:00,0,1
2025-01-30 05:30:00,2,2
2025-01-30 05:40:00,2,2
2025-01-30 05:50:00,2,2
2025-01-30 06:00:00,2,2
2025-01-30 06:10:00,2,2
2025-01-30 06:20:00,2,2
2025-01-30 06:30:00,0,1
2025-01-30 06:40:00,2,2
2025-01-30 06:50:00,1,1
2025-01-30 07:00:00,2,2
2025-01-30 07:10:00,0,1
2025-01-30 07:20:00,2,2
2025-01-30 07:30:00,0,1
2025-01-30 07:40:00,2,2
2025-01-30 07:50:00,2,2
2025-01-30 08:00:00,2,2
2025-01-30 08:10:00,0,1
2025-01-30 08:20:00,2,2
2025-01-30 08:30:00,1,1
2025-01-30 08:40:00,2,2
2025-01-30 08:50:00,2,2
2025-01-30 09:00:00,0,1
2025-01-30 09:10:00,2,2
2025-01-30 09:20:00,2,2
2025-01-30 09:30:00,2,2
2025-01-30 09:40:00,2,2
2025-01-30 09:50:00,2,2
2025-01-30 10:00:00,0,0
2025-01-30 10:10:00,0,1
2025-01-30 10:20:00,0,1
2025-01-30 10:30:00,0,1
2025-01-30 10:40:00,0,0
2025-01-30 10:50:00,0,1
2025-01-30 11:00:00,2,2
2025-01-30 11:10:00,0,0
2025-01-30 11:20:00,0,1
2025-01-30 11:30:00,2,2
2025-01-30 11:40:00,2,2
2025-01-30 11:50:00,2,2
2025-01-30 12:00:00,2,2
2025-01-30 12:10:00,0,1
2025-01-30 12:20:00,2,2
2025-01-30 12:30:00,2,2
2025-01-30 12:40:00,2,2
2025-01-30 12:50:00,2,2
2025-01-30 13:00:00,2,2
2025-01-30 13:10:00,1,1
2025-01-30 13:20:00,2,2
2025-01-30 13:30:00,2,2
2025-01-30 13:40:00,2,2
2025-01-30 13:50:00,2,2
2025-01-30 14:00:00,2,2
2025-01-30 14:10:00,1,0
2025-01-30 14:20:00,2,2
2025-01-30 14:30:00,1,1
2025-01-30 14:40:00,2,2
2025-01-30 14:50:00,2,2
2025-01-30 15:00:00,1,1
2025-01-30 15:10:00,2,2
2025-01-30 15:20:00,2,2
2025-01-30 15:30:00,1,1
2025-01-30 15:40:00,2,2
2025-01-30 15:50:00,0,0
2025-01-30 16:00:00,0,0
2025-01-30 16:10:00,0,0
2025-01-30 16:20:00,0,0
2025-01-30 16:30:00,0,1
2025-01-30 16:40:00,0,0
2025-01-30 16:50:00,0,0
2025-01-30 17:00:00,0,0
2025-01-30 17:10:00,0,0
2025-01-30 17:20:00,0,1
2025-01-30 17:30:00,0,1
2025-01-30 17:40:00,0,1
2025-01-30 17:50:00,2,2
2025-01-30 18:00:00,2,2
2025-01-30 18:10:00,0,1
2025-01-30 18:20:00,2,2
2025-01-30 18:30:00,2,2
2025-01-30 18:40:00,2,2
2025-01-30 18:50:00,2,2
2025-01-30 19:00:00,1,0
2025-01-30 19:10:00,2,2
2025-01-30 19:20:00,1,0
2025-01-30 19:30:00,2,2
2025-01-30 19:40:00,1,1
2025-01-30 19:50:00,1,1
2025-01-30 20:00:00,2,2
2025-01-30 20:10:00,2,2
2025-01-30 20:20:00,2,2
2025-01-30 20:30:00,2,2
2025-01-30 20:40:00,2,2
2025-01-30 20:50:00,0,1
2025-01-30 21:00:00,2,2
2025-01-30 21:10:00,2,2
2025-01-30 21:20:00,2,2
2025-01-30 21:30:00,2,2
2025-01-30 21:40:00,0,0
2025-01-30 21:50:00,0,0
2025-01-30 22:00:00,0,1
2025-01-30 22:10:00,0,0
2025-01-30 22:20:00,0,0
2025-01-30 22:30:00,2,2
2025-01-30 22:40:00,2,2
2025-01-30 22:50:00,2,2
2025-01-30 23:00:00,1,0
2025-01-30 23:10:00,2,2
2025-01-30 23:20:00,1,1
2025-01-30 23:30:00,1,1
2025-01-30 23:40:00,1,0
2025-01-30 23:50:00,1,0
2025-01-31 00:00:00,1,1
2025-01-31 00:10:00,1,0
2025-01-31 00:20:00,1,1
2025-01-31 00:30:00,1,1
2025-01-31 00:40:00,2,2
2025-01-31 00:50:00,2,2
2025-01-31 01:00:00,2,2
2025-01-31 01:10:00,1,1
2025-01-31 01:20:00,2,2
2025-01-31 01:30:00,2,2
2025-01-31 01:40:00,2,2
2025-01-31 01:50:00,2,2
2025-01-31 02:00:00,2,2
2025-01-31 02:10:00,2,2
2025-01-31 02:20:00,2,2
2025-01-31 02:30:00,2,2
2025-01-31 02:40:00,2,2
2025-01-31 02:50:00,2,2
2025-01-31 03:00:00,2,2
2025-01-31 03:10:00,2,2
2025-01-31 03:20:00,2,2
2025-01-31 03:30:00,2,2
2025-01-31 03:40:00,2,2
2025-01-31 03:50:00,0,1
2025-01-31 04:00:00,2,2
2025-01-31 04:10:00,2,2
2025-01-31 04:20:00,1,1
2025-01-31 04:30:00,2,2
2025-01-31 04:40:00,2,2
2025-01-31 04:50:00,2,2
2025-01-31 05:00:00,2,2
2025-01-31 05:10:00,2,2
2025-01-31 05:20:00,0,1
2025-01-31 05:30:00,2,2
2025-01-31 05:40:00,0,1
2025-01-31 05:50:00,2,2
2025-01-31 06:00:00,0,1
2025-01-31 06:10:00,2,2
2025-01-31 06:20:00,2,2
2025-01-31 06:30:00,2,2
2025-01-31 06:40:00,2,2
2025-01-31 06:50:00,2,2
2025-01-31 07:00:00,2,2
2025-01-31 07:10:00,2,2
2025-01-31 07:20:00,1,1
2025-01-31 07:30:00,2,2
2025-01-31 07:40:00,2,2
2025-01-31 07:50:00,2,2
2025-01-31 08:00:00,2,2
2025-01-31 08:10:00,2,2
2025-01-31 08:20:00,2,2
2025-01-31 08:30:00,2,2
2025-01-31 08:40:00,2,2
2025-01-31 08:50:00,2,2
2025-01-31 09:00:00,1,1
2025-01-31 09:10:00,2,2
2025-01-31 09:20:00,2,2
2025-01-31 09:30:00,1,1
2025-01-31 09:40:00,1,1
2025-01-31 09:50:00,1,1
2025-01-31 10:00:00,2,2
2025-01-31 10:10:00,2,2
2025-01-31 10:20:00,1,1
2025-01-31 10:30:00,2,2
2025-01-31 10:40:00,1,1
2025-01-31 10:50:00,2,2
2025-01-31 11:00:00,2,2
2025-01-31 11:10:00,2,2
2025-01-31 11:20:00,2,2
2025-01-31 11:30:00,2,2
2025-01-31 11:40:00,2,2
2025-01-31 11:50:00,0,1
2025-01-31 12:00:00,1,1
2025-01-31 12:10:00,2,2
2025-01-31 12:20:00,1,1
2025-01-31 12:30:00,1,1
2025-01-31 12:40:00,1,1
2025-01-31 12:50:00,2,2
2025-01-31 13:00:00,2,2
2025-01-31 13:10:00,1,1
2025-01-31 13:20:00,1,1
2025-01-31 13:30:00,2,2
2025-01-31 13:40:00,2,2
2025-01-31 13:50:00,1,1
2025-01-31 14:00:00,2,2
2025-01-31 14:10:00,1,1
2025-01-31 14:20:00,1,1
2025-01-31 14:30:00,1,1
2025-01-31 14:40:00,2,2
2025-01-31 14:50:00,2,2
2025-01-31 15:00:00,2,2
2025-01-31 15:10:00,1,1
2025-01-31 15:20:00,2,2
2025-01-31 15:30:00,2,2
2025-01-31 15:40:00,1,1
2025-01-31 15:50:00,2,2
2025-01-31 16:00:00,1,1
2025-01-31 16:10:00,1,0
2025-01-31 16:20:00,1,0
2025-01-31 16:30:00,1,0
2025-01-31 16:40:00,1,0
2025-01-31 16:50:00,1,0
2025-01-31 17:00:00,1,0
2025-01-31 17:10:00,2,2
2025-01-31 17:20:00,1,1
2025-01-31 17:30:00,1,1
2025-01-31 17:40:00,1,1
2025-01-31 17:50:00,0,1
2025-01-31 18:00:00,2,2
2025-01-31 18:10:00,1,1
2025-01-31 18:20:00,2,2
2025-01-31 18:30:00,0,0
2025-01-31 18:40:00,0,0
2025-01-31 18:50:00,0,0
2025-01-31 19:00:00,0,0
2025-01-31 19:10:00,0,0
2025-01-31 19:20:00,0,0
2025-01-31 19:30:00,0,0
2025-01-31 19:40:00,0,0
2025-01-31 19:50:00,2,2
2025-01-31 20:00:00,2,2
2025-01-31 20:10:00,0,1
2025-01-31 20:20:00,2,2
2025-01-31 20:30:00,2,2
2025-01-31 20:40:00,2,2
2025-01-31 20:50:00,1,1
2025-01-31 21:00:00,1,0
2025-01-31 21:10:00,2,2
2025-01-31 21:20:00,1,1
2025-01-31 21:30:00,2,2
2025-01-31 21:40:00,2,2
2025-01-31 21:50:00,2,2
2025-01-31 22:00:00,2,2
2025-01-31 22:10:00,1,1
2025-01-31 22:20:00,2,2
2025-01-31 22:30:00,1,1
2025-01-31 22:40:00,2,2
2025-01-31 22:50:00,2,2
2025-01-31 23:00:00,2,2
2025-01-31 23:10:00,1,1
2025-01-31 23:20:00,1,1
2025-01-31 23:30:00,1,1
2025-01-31 23:40:00,1,1
2025-01-31 23:50:00,1,1
2025-02-03 00:00:00,1,0
2025-02-03 00:10:00,1,0
2025-02-03 00:20:00,1,0
2025-02-03 00:30:00,1,0
2025-02-03 00:40:00,1,0
2025-02-03 00:50:00,1,0
2025-02-03 01:00:00,1,1
2025-02-03 01:10:00,2,2
2025-02-03 01:20:00,1,0
2025-02-03 01:30:00,1,1
2025-02-03 01:40:00,1,1
2025-02-03 01:50:00,1,1
2025-02-03 02:00:00,2,2
2025-02-03 02:10:00,1,1
2025-02-03 02:20:00,1,1
2025-02-03 02:30:00,1,0
2025-02-03 02:40:00,1,1
2025-02-03 02:50:00,1,0
2025-02-03 03:00:00,1,1
2025-02-03 03:10:00,1,1
2025-02-03 03:20:00,1,1
2025-02-03 03:30:00,1,1
2025-02-03 03:40:00,2,2
2025-02-03 03:50:00,2,2
2025-02-03 04:00:00,2,2
2025-02-03 04:10:00,2,2
2025-02-03 04:20:00,1,1
2025-02-03 04:30:00,2,2
2025-02-03 04:40:00,2,2
2025-02-03 04:50:00,1,1
2025-02-03 05:00:00,1,1
2025-02-03 05:10:00,1,1
2025-02-03 05:20:00,2,2
2025-02-03 05:30:00,1,1
2025-02-03 05:40:00,2,2
2025-02-03 05:50:00,1,1
2025-02-03 06:00:00,1,1
2025-02-03 06:10:00,1,1
2025-02-03 06:20:00,1,0
2025-02-03 06:30:00,1,1
2025-02-03 06:40:00,1,1
2025-02-03 06:50:00,1,1
2025-02-03 07:00:00,1,1
2025-02-03 07:10:00,2,2
2025-02-03 07:20:00,2,2
2025-02-03 07:30:00,2,2
2025-02-03 07:40:00,2,2
2025-02-03 07:50:00,2,2
2025-02-03 08:00:00,2,2
2025-02-03 08:10:00,2,2
2025-02-03 08:20:00,0,1
2025-02-03 08:30:00,0,1
2025-02-03 08:40:00,0,0
2025-02-03 08:50:00,2,2
2025-02-03 09:00:00,2,2
2025-02-03 09:10:00,2,2
2025-02-03 09:20:00,2,2
2025-02-03 09:30:00,2,2
2025-02-03 09:40:00,2,2
2025-02-03 09:50:00,2,2
2025-02-03 10:00:00,2,2
2025-02-03 10:10:00,1,1
2025-02-03 10:20:00,1,1
2025-02-03 10:30:00,1,1
2025-02-03 10:40:00,1,1
2025-02-03 10:50:00,1,1
2025-02-03 11:00:00,2,2
2025-02-03 11:10:00,2,2
2025-02-03 11:20:00,2,2
2025-02-03 11:30:00,2,2
2025-02-03 11:40:00,0,1
2025-02-03 11:50:00,0,1
2025-02-03 12:00:00,2,2
2025-02-03 12:10:00,2,2
2025-02-03 12:20:00,0,1
2025-02-03 12:30:00,2,2
2025-02-03 12:40:00,2,2
2025-02-03 12:50:00,2,2
2025-02-03 13:00:00,2,2
2025-02-03 13:10:00,2,2
2025-02-03 13:20:00,0,1
2025-02-03 13:30:00,2,2
2025-02-03 13:40:00,2,2
2025-02-03 13:50:00,2,2
2025-02-03 14:00:00,0,1
2025-02-03 14:10:00,0,1
2025-02-03 14:20:00,1,1
2025-02-03 14:30:00,1,1
2025-02-03 14:40:00,2,2
2025-02-03 14:50:00,2,2
2025-02-03 15:00:00,1,1
2025-02-03 15:10:00,1,1
2025-02-03 15:20:00,2,2
2025-02-03 15:30:00,0,1
2025-02-03 15:40:00,2,2
2025-02-03 15:50:00,1,1
2025-02-03 16:00:00,1,1
2025-02-03 16:10:00,2,2
2025-02-03 16:20:00,2,2
2025-02-03 16:30:00,2,2
2025-02-03 16:40:00,2,2
2025-02-03 16:50:00,1,1
2025-02-03 17:00:00,2,2
2025-02-03 17:10:00,2,2
2025-02-03 17:20:00,2,2
2025-02-03 17:30:00,2,2
2025-02-03 17:40:00,0,0
2025-02-03 17:50:00,0,0
2025-02-03 18:00:00,0,0
2025-02-03 18:10:00,0,0
2025-02-03 18:20:00,0,1
2025-02-03 18:30:00,0,0
2025-02-03 18:40:00,2,2
2025-02-03 18:50:00,0,1
2025-02-03 19:00:00,0,1
2025-02-03 19:10:00,2,2
2025-02-03 19:20:00,2,2
2025-02-03 19:30:00,2,2
2025-02-03 19:40:00,2,2
2025-02-03 19:50:00,2,2
2025-02-03 20:00:00,2,2
2025-02-03 20:10:00,2,2
2025-02-03 20:20:00,0,1
2025-02-03 20:30:00,2,2
2025-02-03 20:40:00,2,2
2025-02-03 20:50:00,2,2
2025-02-03 21:00:00,2,2
2025-02-03 21:10:00,2,2
2025-02-03 21:20:00,1,1
2025-02-03 21:30:00,2,2
2025-02-03 21:40:00,0,1
2025-02-03 21:50:00,2,2
2025-02-03 22:00:00,2,2
2025-02-03 22:10:00,1,1
2025-02-03 22:20:00,1,1
2025-02-03 22:30:00,2,2
2025-02-03 22:40:00,2,2
2025-02-03 22:50:00,2,2
2025-02-03 23:00:00,0,1
2025-02-03 23:10:00,2,2
2025-02-03 23:20:00,2,2
2025-02-03 23:30:00,2,2
2025-02-03 23:40:00,2,2
2025-02-03 23:50:00,2,2
2025-02-04 00:00:00,0,1
2025-02-04 00:10:00,2,2
2025-02-04 00:20:00,1,1
2025-02-04 00:30:00,2,2
2025-02-04 00:40:00,2,2
2025-02-04 00:50:00,2,2
2025-02-04 01:00:00,2,2
2025-02-04 01:10:00,2,2
2025-02-04 01:20:00,0,1
2025-02-04 01:30:00,0,1
2025-02-04 01:40:00,0,1
2025-02-04 01:50:00,2,2
2025-02-04 02:00:00,2,2
2025-02-04 02:10:00,2,2
2025-02-04 02:20:00,2,2
2025-02-04 02:30:00,2,2
2025-02-04 02:40:00,2,2
2025-02-04 02:50:00,2,2
2025-02-04 03:00:00,2,2
2025-02-04 03:10:00,2,2
2025-02-04 03:20:00,2,2
2025-02-04 03:30:00,2,2
2025-02-04 03:40:00,2,2
2025-02-04 03:50:00,1,1
2025-02-04 04:00:00,1,1
2025-02-04 04:10:00,2,2
2025-02-04 04:20:00,2,2
2025-02-04 04:30:00,1,1
2025-02-04 04:40:00,1,1
2025-02-04 04:50:00,2,2
2025-02-04 05:00:00,2,2
2025-02-04 05:10:00,2,2
2025-02-04 05:20:00,2,2
2025-02-04 05:30:00,2,2
2025-02-04 05:40:00,2,2
2025-02-04 05:50:00,2,2
2025-02-04 06:00:00,1,1
2025-02-04 06:10:00,2,2
2025-02-04 06:20:00,2,2
2025-02-04 06:30:00,2,2
2025-02-04 06:40:00,1,1
2025-02-04 06:50:00,1,0
2025-02-04 07:00:00,1,0
2025-02-04 07:10:00,1,0
2025-02-04 07:20:00,1,1
2025-02-04 07:30:00,2,2
2025-02-04 07:40:00,2,2
2025-02-04 07:50:00,0,1
2025-02-04 08:00:00,0,1
2025-02-04 08:10:00,1,1
2025-02-04 08:20:00,1,1
2025-02-04 08:30:00,2,2
2025-02-04 08:40:00,1,1
2025-02-04 08:50:00,2,2
2025-02-04 09:00:00,2,2
2025-02-04 09:10:00,2,2
2025-02-04 09:20:00,1,1
2025-02-04 09:30:00,2,2
2025-02-04 09:40:00,2,2
2025-02-04 09:50:00,2,2
2025-02-04 10:00:00,2,2
2025-02-04 10:10:00,1,1
2025-02-04 10:20:00,2,2
2025-02-04 10:30:00,2,2
2025-02-04 10:40:00,0,1
2025-02-04 10:50:00,2,2
2025-02-04 11:00:00,1,1
2025-02-04 11:10:00,2,2
2025-02-04 11:20:00,1,1
2025-02-04 11:30:00,2,2
2025-02-04 11:40:00,2,2
2025-02-04 11:50:00,0,1
2025-02-04 12:00:00,0,1
2025-02-04 12:10:00,2,2
2025-02-04 12:20:00,2,2
2025-02-04 12:30:00,0,1
2025-02-04 12:40:00,0,1
2025-02-04 12:50:00,0,0
2025-02-04 13:00:00,0,1
2025-02-04 13:10:00,0,1
2025-02-04 13:20:00,2,2
2025-02-04 13:30:00,2,2
2025-02-04 13:40:00,2,2
2025-02-04 13:50:00,2,2
2025-02-04 14:00:00,2,2
2025-02-04 14:10:00,2,2
2025-02-04 14:20:00,2,2
2025-02-04 14:30:00,2,2
2025-02-04 14:40:00,2,2
2025-02-04 14:50:00,1,1
2025-02-04 15:00:00,2,2
2025-02-04 15:10:00,2,2
2025-02-04 15:20:00,0,1
2025-02-04 15:30:00,2,2
2025-02-04 15:40:00,1,1
2025-02-04 15:50:00,2,2
2025-02-04 16:00:00,2,2
2025-02-04 16:10:00,2,2
2025-02-04 16:20:00,0,1
2025-02-04 16:30:00,0,1
2025-02-04 16:40:00,0,0
2025-02-04 16:50:00,0,0
2025-02-04 17:00:00,0,0
2025-02-04 17:10:00,0,0
2025-02-04 17:20:00,0,0
2025-02-04 17:30:00,0,0
2025-02-04 17:40:00,0,0
2025-02-04 17:50:00,0,0
2025-02-04 18:00:00,0,0
2025-02-04 18:10:00,0,1
2025-02-04 18:20:00,0,0
2025-02-04 18:30:00,0,0
2025-02-04 18:40:00,0,0
2025-02-04 18:50:00,0,1
2025-02-04 19:00:00,0,0
2025-02-04 19:10:00,0,1
2025-02-04 19:20:00,0,1
2025-02-04 19:30:00,0,0
2025-02-04 19:40:00,0,1
2025-02-04 19:50:00,2,2
2025-02-04 20:00:00,2,2
2025-02-04 20:10:00,0,1
2025-02-04 20:20:00,2,2
2025-02-04 20:30:00,0,1
2025-02-04 20:40:00,2,2
2025-02-04 20:50:00,0,1
2025-02-04 21:00:00,2,2
2025-02-04 21:10:00,0,1
2025-02-04 21:20:00,2,2
2025-02-04 21:30:00,2,2
2025-02-04 21:40:00,0,1
2025-02-04 21:50:00,2,2
2025-02-04 22:00:00,2,2
2025-02-04 22:10:00,2,2
2025-02-04 22:20:00,0,1
2025-02-04 22:30:00,2,2
2025-02-04 22:40:00,2,2
2025-02-04 22:50:00,2,2
2025-02-04 23:00:00,2,2
2025-02-04 23:10:00,2,2
2025-02-04 23:20:00,2,2
2025-02-04 23:30:00,2,2
2025-02-04 23:40:00,2,2
2025-02-04 23:50:00,2,2
2025-02-05 00:00:00,2,2
2025-02-05 00:10:00,2,2
2025-02-05 00:20:00,2,2
2025-02-05 00:30:00,2,2
2025-02-05 00:40:00,2,2
2025-02-05 00:50:00,2,2
2025-02-05 01:00:00,2,2
2025-02-05 01:10:00,1,1
2025-02-05 01:20:00,2,2
2025-02-05 01:30:00,2,2
2025-02-05 01:40:00,2,2
2025-02-05 01:50:00,2,2
2025-02-05 02:00:00,0,1
2025-02-05 02:10:00,2,2
2025-02-05 02:20:00,2,2
2025-02-05 02:30:00,2,2
2025-02-05 02:40:00,2,2
2025-02-05 02:50:00,2,2
2025-02-05 03:00:00,2,2
2025-02-05 03:10:00,0,1
2025-02-05 03:20:00,2,2
2025-02-05 03:30:00,2,2
2025-02-05 03:40:00,0,1
2025-02-05 03:50:00,2,2
2025-02-05 04:00:00,2,2
2025-02-05 04:10:00,1,1
2025-02-05 04:20:00,2,2
2025-02-05 04:30:00,2,2
2025-02-05 04:40:00,2,2
2025-02-05 04:50:00,2,2
2025-02-05 05:00:00,2,2
2025-02-05 05:10:00,2,2
2025-02-05 05:20:00,2,2
2025-02-05 05:30:00,2,2
2025-02-05 05:40:00,2,2
2025-02-05 05:50:00,2,2
2025-02-05 06:00:00,0,1
2025-02-05 06:10:00,2,2
2025-02-05 06:20:00,0,1
2025-02-05 06:30:00,2,2
2025-02-05 06:40:00,0,1
2025-02-05 06:50:00,0,1
2025-02-05 07:00:00,2,2
2025-02-05 07:10:00,2,2
2025-02-05 07:20:00,2,2
2025-02-05 07:30:00,2,2
2025-02-05 07:40:00,2,2
2025-02-05 07:50:00,2,2
2025-02-05 08:00:00,0,1
2025-02-05 08:10:00,2,2
2025-02-05 08:20:00,2,2
2025-02-05 08:30:00,2,2
2025-02-05 08:40:00,2,2
2025-02-05 08:50:00,0,1
2025-02-05 09:00:00,2,2
2025-02-05 09:10:00,0,0
2025-02-05 09:20:00,0,0
2025-02-05 09:30:00,0,1
2025-02-05 09:40:00,0,0
2025-02-05 09:50:00,0,1
2025-02-05 10:00:00,0,1
2025-02-05 10:10:00,0,1
2025-02-05 10:20:00,0,0
2025-02-05 10:30:00,0,1
2025-02-05 10:40:00,0,1
2025-02-05 10:50:00,0,1
2025-02-05 11:00:00,0,0
2025-02-05 11:10:00,0,0
2025-02-05 11:20:00,0,0
2025-02-05 11:30:00,0,1
2025-02-05 11:40:00,0,0
2025-02-05 11:50:00,2,2
2025-02-05 12:00:00,0,1
2025-02-05 12:10:00,0,0
2025-02-05 12:20:00,0,1
2025-02-05 12:30:00,0,0
2025-02-05 12:40:00,2,2
2025-02-05 12:50:00,2,2
2025-02-05 13:00:00,0,1
2025-02-05 13:10:00,0,1
2025-02-05 13:20:00,2,2
2025-02-05 13:30:00,2,2
2025-02-05 13:40:00,2,2
2025-02-05 13:50:00,2,2
2025-02-05 14:00:00,2,2
2025-02-05 14:10:00,2,2
2025-02-05 14:20:00,2,2
2025-02-05 14:30:00,2,2
2025-02-05 14:40:00,2,2
2025-02-05 14:50:00,0,1
2025-02-05 15:00:00,2,2
2025-02-05 15:10:00,2,2
2025-02-05 15:20:00,0,1
2025-02-05 15:30:00,2,2
2025-02-05 15:40:00,0,1
2025-02-05 15:50:00,0,1
2025-02-05 16:00:00,0,1
2025-02-05 16:10:00,2,2
2025-02-05 16:20:00,0,1
2025-02-05 16:30:00,2,2
2025-02-05 16:40:00,2,2
2025-02-05 16:50:00,2,2
2025-02-05 17:00:00,0,1
2025-02-05 17:10:00,0,1
2025-02-05 17:20:00,0,1
2025-02-05 17:30:00,2,2
2025-02-05 17:40:00,2,2
2025-02-05 17:50:00,1,1
2025-02-05 18:00:00,2,2
2025-02-05 18:10:00,0,1
2025-02-05 18:20:00,1,1
2025-02-05 18:30:00,2,2
2025-02-05 18:40:00,2,2
2025-02-05 18:50:00,2,2
2025-02-05 19:00:00,2,2
2025-02-05 19:10:00,2,2
2025-02-05 19:20:00,2,2
2025-02-05 19:30:00,2,2
2025-02-05 19:40:00,2,2
2025-02-05 19:50:00,0,1
2025-02-05 20:00:00,2,2
2025-02-05 20:10:00,2,2
2025-02-05 20:20:00,2,2
2025-02-05 20:30:00,2,2
2025-02-05 20:40:00,2,2
2025-02-05 20:50:00,2,2
2025-02-05 21:00:00,2,2
2025-02-05 21:10:00,2,2
2025-02-05 21:20:00,2,2
2025-02-05 21:30:00,2,2
2025-02-05 21:40:00,2,2
2025-02-05 21:50:00,2,2
2025-02-05 22:00:00,2,2
2025-02-05 22:10:00,0,1
2025-02-05 22:20:00,1,1
2025-02-05 22:30:00,2,2
2025-02-05 22:40:00,2,2
2025-02-05 22:50:00,2,2
2025-02-05 23:00:00,2,2
2025-02-05 23:10:00,2,2
2025-02-05 23:20:00,2,2
2025-02-05 23:30:00,2,2
2025-02-05 23:40:00,2,2
2025-02-05 23:50:00,0,1
2025-02-06 00:00:00,1,1
2025-02-06 00:10:00,2,2
2025-02-06 00:20:00,2,2
2025-02-06 00:30:00,2,2
2025-02-06 00:40:00,2,2
2025-02-06 00:50:00,2,2
2025-02-06 01:00:00,2,2
2025-02-06 01:10:00,2,2
2025-02-06 01:20:00,2,2
2025-02-06 01:30:00,2,2
2025-02-06 01:40:00,2,2
2025-02-06 01:50:00,1,1
2025-02-06 02:00:00,2,2
2025-02-06 02:10:00,2,2
2025-02-06 02:20:00,2,2
2025-02-06 02:30:00,0,1
2025-02-06 02:40:00,2,2
2025-02-06 02:50:00,2,2
2025-02-06 03:00:00,0,1
2025-02-06 03:10:00,2,2
2025-02-06 03:20:00,2,2
2025-02-06 03:30:00,2,2
2025-02-06 03:40:00,2,2
2025-02-06 03:50:00,2,2
2025-02-06 04:00:00,2,2
2025-02-06 04:10:00,2,2
2025-02-06 04:20:00,0,1
2025-02-06 04:30:00,0,1
2025-02-06 04:40:00,2,2
2025-02-06 04:50:00,2,2
2025-02-06 05:00:00,2,2
2025-02-06 05:10:00,2,2
2025-02-06 05:20:00,1,1
2025-02-06 05:30:00,2,2
2025-02-06 05:40:00,2,2
2025-02-06 05:50:00,2,2
2025-02-06 06:00:00,2,2
2025-02-06 06:10:00,2,2
2025-02-06 06:20:00,2,2
2025-02-06 06:30:00,2,2
2025-02-06 06:40:00,1,1
2025-02-06 06:50:00,2,2
2025-02-06 07:00:00,1,1
2025-02-06 07:10:00,2,2
2025-02-06 07:20:00,1,1
2025-02-06 07:30:00,1,0
2025-02-06 07:40:00,1,1
2025-02-06 07:50:00,1,0
2025-02-06 08:00:00,1,1
2025-02-06 08:10:00,2,2
2025-02-06 08:20:00,1,1
2025-02-06 08:30:00,1,1
2025-02-06 08:40:00,1,1
2025-02-06 08:50:00,1,0
2025-02-06 09:00:00,1,0
2025-02-06 09:10:00,1,0
2025-02-06 09:20:00,1,0
2025-02-06 09:30:00,1,0
2025-02-06 09:40:00,1,0
2025-02-06 09:50:00,1,0
2025-02-06 10:00:00,1,0
2025-02-06 10:10:00,1,0
2025-02-06 10:20:00,1,0
2025-02-06 10:30:00,1,0
2025-02-06 10:40:00,1,0
2025-02-06 10:50:00,1,0
2025-02-06 11:00:00,1,0
2025-02-06 11:10:00,1,0
2025-02-06 11:20:00,1,0
2025-02-06 11:30:00,1,0
2025-02-06 11:40:00,1,0
2025-02-06 11:50:00,1,0
2025-02-06 12:00:00,1,0
2025-02-06 12:10:00,1,0
2025-02-06 12:20:00,1,0
2025-02-06 12:30:00,1,0
2025-02-06 12:40:00,1,0
2025-02-06 12:50:00,1,1
2025-02-06 13:00:00,2,2
2025-02-06 13:10:00,2,2
2025-02-06 13:20:00,1,1
2025-02-06 13:30:00,2,2
2025-02-06 13:40:00,2,2
2025-02-06 13:50:00,1,1
2025-02-06 14:00:00,1,0
2025-02-06 14:10:00,1,0
2025-02-06 14:20:00,1,0
2025-02-06 14:30:00,1,0
2025-02-06 14:40:00,1,0
2025-02-06 14:50:00,1,0
2025-02-06 15:00:00,1,1
2025-02-06 15:10:00,2,2
2025-02-06 15:20:00,2,2
2025-02-06 15:30:00,0,1
2025-02-06 15:40:00,2,2
2025-02-06 15:50:00,2,2
2025-02-06 16:00:00,2,2
2025-02-06 16:10:00,2,2
2025-02-06 16:20:00,2,2
2025-02-06 16:30:00,2,2
2025-02-06 16:40:00,2,2
2025-02-06 16:50:00,0,1
2025-02-06 17:00:00,2,2
2025-02-06 17:10:00,2,2
2025-02-06 17:20:00,2,2
2025-02-06 17:30:00,2,2
2025-02-06 17:40:00,2,2
2025-02-06 17:50:00,0,1
2025-02-06 18:00:00,2,2
2025-02-06 18:10:00,1,1
2025-02-06 18:20:00,1,1
2025-02-06 18:30:00,2,2
2025-02-06 18:40:00,2,2
2025-02-06 18:50:00,2,2
2025-02-06 19:00:00,2,2
2025-02-06 19:10:00,2,2
2025-02-06 19:20:00,2,2
2025-02-06 19:30:00,0,1
2025-02-06 19:40:00,2,2
2025-02-06 19:50:00,1,0
2025-02-06 20:00:00,1,1
2025-02-06 20:10:00,2,2
2025-02-06 20:20:00,2,2
2025-02-06 20:30:00,2,2
2025-02-06 20:40:00,1,1
2025-02-06 20:50:00,2,2
2025-02-06 21:00:00,2,2
2025-02-06 21:10:00,2,2
2025-02-06 21:20:00,2,2
2025-02-06 21:30:00,1,1
2025-02-06 21:40:00,2,2
2025-02-06 21:50:00,2,2
2025-02-06 22:00:00,2,2
2025-02-06 22:10:00,2,2
2025-02-06 22:20:00,2,2
2025-02-06 22:30:00,2,2
2025-02-06 22:40:00,2,2
2025-02-06 22:50:00,2,2
2025-02-06 23:00:00,2,2
2025-02-06 23:10:00,2,2
2025-02-06 23:20:00,0,1
2025-02-06 23:30:00,2,2
2025-02-06 23:40:00,2,2
2025-02-06 23:50:00,2,2
2025-02-07 00:00:00,2,2
2025-02-07 00:10:00,2,2
2025-02-07 00:20:00,1,1
2025-02-07 00:30:00,2,2
2025-02-07 00:40:00,2,2
2025-02-07 00:50:00,2,2
2025-02-07 01:00:00,2,2
2025-02-07 01:10:00,2,2
2025-02-07 01:20:00,2,2
2025-02-07 01:30:00,2,2
2025-02-07 01:40:00,2,2
2025-02-07 01:50:00,2,2
2025-02-07 02:00:00,2,2
2025-02-07 02:10:00,2,2
2025-02-07 02:20:00,0,1
2025-02-07 02:30:00,2,2
2025-02-07 02:40:00,0,1
2025-02-07 02:50:00,2,2
2025-02-07 03:00:00,2,2
2025-02-07 03:10:00,2,2
2025-02-07 03:20:00,2,2
2025-02-07 03:30:00,2,2
2025-02-07 03:40:00,2,2
2025-02-07 03:50:00,1,1
2025-02-07 04:00:00,2,2
2025-02-07 04:10:00,2,2
2025-02-07 04:20:00,2,2
2025-02-07 04:30:00,2,2
2025-02-07 04:40:00,2,2
2025-02-07 04:50:00,1,1
2025-02-07 05:00:00,2,2
2025-02-07 05:10:00,2,2
2025-02-07 05:20:00,1,1
2025-02-07 05:30:00,2,2
2025-02-07 05:40:00,2,2
2025-02-07 05:50:00,2,2
2025-02-07 06:00:00,2,2
2025-02-07 06:10:00,0,1
2025-02-07 06:20:00,2,2
2025-02-07 06:30:00,2,2
2025-02-07 06:40:00,0,1
2025-02-07 06:50:00,2,2
2025-02-07 07:00:00,1,1
2025-02-07 07:10:00,2,2
2025-02-07 07:20:00,2,2
2025-02-07 07:30:00,1,1
2025-02-07 07:40:00,0,1
2025-02-07 07:50:00,1,1
2025-02-07 08:00:00,2,2
2025-02-07 08:10:00,2,2
2025-02-07 08:20:00,2,2
2025-02-07 08:30:00,2,2
2025-02-07 08:40:00,2,2
2025-02-07 08:50:00,2,2
2025-02-07 09:00:00,2,2
2025-02-07 09:10:00,2,2
2025-02-07 09:20:00,2,2
2025-02-07 09:30:00,2,2
2025-02-07 09:40:00,2,2
2025-02-07 09:50:00,2,2
2025-02-07 10:00:00,2,2
2025-02-07 10:10:00,2,2
2025-02-07 10:20:00,0,1
2025-02-07 10:30:00,0,0
2025-02-07 10:40:00,2,2
2025-02-07 10:50:00,0,0
2025-02-07 11:00:00,0,0
2025-02-07 11:10:00,0,1
2025-02-07 11:20:00,0,1
2025-02-07 11:30:00,0,0
2025-02-07 11:40:00,0,1
2025-02-07 11:50:00,0,1
2025-02-07 12:00:00,0,1
2025-02-07 12:10:00,0,1
2025-02-07 12:20:00,0,0
2025-02-07 12:30:00,0,1
2025-02-07 12:40:00,0,1
2025-02-07 12:50:00,0,1
2025-02-07 13:00:00,2,2
2025-02-07 13:10:00,0,1
2025-02-07 13:20:00,2,2
2025-02-07 13:30:00,0,1
2025-02-07 13:40:00,2,2
2025-02-07 13:50:00,2,2
2025-02-07 14:00:00,0,1
2025-02-07 14:10:00,0,1
2025-02-07 14:20:00,0,1
2025-02-07 14:30:00,0,1
2025-02-07 14:40:00,0,1
2025-02-07 14:50:00,1,1
2025-02-07 15:00:00,1,1
2025-02-07 15:10:00,2,2
2025-02-07 15:20:00,2,2
2025-02-07 15:30:00,0,1
2025-02-07 15:40:00,0,1
2025-02-07 15:50:00,0,1
2025-02-07 16:00:00,2,2
2025-02-07 16:10:00,2,2
2025-02-07 16:20:00,2,2
2025-02-07 16:30:00,2,2
2025-02-07 16:40:00,2,2
2025-02-07 16:50:00,2,2
2025-02-07 17:00:00,2,2
2025-02-07 17:10:00,2,2
2025-02-07 17:20:00,2,2
2025-02-07 17:30:00,2,2
2025-02-07 17:40:00,2,2
2025-02-07 17:50:00,1,1
2025-02-07 18:00:00,2,2
2025-02-07 18:10:00,1,0
2025-02-07 18:20:00,1,0
2025-02-07 18:30:00,1,0
2025-02-07 18:40:00,1,0
2025-02-07 18:50:00,1,0
2025-02-07 19:00:00,1,1
2025-02-07 19:10:00,1,0
2025-02-07 19:20:00,1,1
2025-02-07 19:30:00,1,1
2025-02-07 19:40:00,1,1
2025-02-07 19:50:00,1,1
2025-02-07 20:00:00,1,1
2025-02-07 20:10:00,2,2
2025-02-07 20:20:00,2,2
2025-02-07 20:30:00,2,2
2025-02-07 20:40:00,0,1
2025-02-07 20:50:00,2,2
2025-02-07 21:00:00,0,1
2025-02-07 21:10:00,1,1
2025-02-07 21:20:00,2,2
2025-02-07 21:30:00,2,2
2025-02-07 21:40:00,2,2
2025-02-07 21:50:00,2,2
2025-02-07 22:00:00,0,1
2025-02-07 22:10:00,0,1
2025-02-07 22:20:00,2,2
2025-02-07 22:30:00,2,2
2025-02-07 22:40:00,2,2
2025-02-07 22:50:00,2,2
2025-02-07 23:00:00,2,2
2025-02-07 23:10:00,2,2
2025-02-07 23:20:00,2,2
2025-02-07 23:30:00,2,2
2025-02-07 23:40:00,0,1
2025-02-07 23:50:00,2,2
2025-02-10 00:00:00,2,2
2025-02-10 00:10:00,1,1
2025-02-10 00:20:00,1,1
2025-02-10 00:30:00,2,2
2025-02-10 00:40:00,1,1
2025-02-10 00:50:00,2,2
2025-02-10 01:00:00,2,2
2025-02-10 01:10:00,2,2
2025-02-10 01:20:00,2,2
2025-02-10 01:30:00,2,2
2025-02-10 01:40:00,2,2
2025-02-10 01:50:00,2,2
2025-02-10 02:00:00,1,1
2025-02-10 02:10:00,1,1
2025-02-10 02:20:00,1,1
2025-02-10 02:30:00,2,2
2025-02-10 02:40:00,2,2
2025-02-10 02:50:00,2,2
2025-02-10 03:00:00,0,1
2025-02-10 03:10:00,2,2
2025-02-10 03:20:00,2,2
2025-02-10 03:30:00,2,2
2025-02-10 03:40:00,2,2
2025-02-10 03:50:00,2,2
2025-02-10 04:00:00,1,1
2025-02-10 04:10:00,2,2
2025-02-10 04:20:00,2,2
2025-02-10 04:30:00,2,2
2025-02-10 04:40:00,2,2
2025-02-10 04:50:00,2,2
2025-02-10 05:00:00,2,2
2025-02-10 05:10:00,1,1
2025-02-10 05:20:00,1,1
2025-02-10 05:30:00,2,2
2025-02-10 05:40:00,2,2
2025-02-10 05:50:00,2,2
2025-02-10 06:00:00,2,2
2025-02-10 06:10:00,0,1
2025-02-10 06:20:00,0,1
2025-02-10 06:30:00,2,2
2025-02-10 06:40:00,2,2
2025-02-10 06:50:00,1,1
2025-02-10 07:00:00,2,2
2025-02-10 07:10:00,2,2
2025-02-10 07:20:00,2,2
2025-02-10 07:30:00,2,2
2025-02-10 07:40:00,2,2
2025-02-10 07:50:00,2,2
2025-02-10 08:00:00,2,2
2025-02-10 08:10:00,2,2
2025-02-10 08:20:00,2,2
2025-02-10 08:30:00,2,2
2025-02-10 08:40:00,2,2
2025-02-10 08:50:00,2,2
2025-02-10 09:00:00,2,2
2025-02-10 09:10:00,0,1
2025-02-10 09:20:00,2,2
2025-02-10 09:30:00,2,2
2025-02-10 09:40:00,2,2
2025-02-10 09:50:00,2,2
2025-02-10 10:00:00,2,2
2025-02-10 10:10:00,2,2
2025-02-10 10:20:00,2,2
2025-02-10 10:30:00,2,2
2025-02-10 10:40:00,2,2
2025-02-10 10:50:00,2,2
2025-02-10 11:00:00,1,1
2025-02-10 11:10:00,0,1
2025-02-10 11:20:00,2,2
2025-02-10 11:30:00,2,2
2025-02-10 11:40:00,2,2
2025-02-10 11:50:00,2,2
2025-02-10 12:00:00,0,1
2025-02-10 12:10:00,2,2
2025-02-10 12:20:00,2,2
2025-02-10 12:30:00,2,2
2025-02-10 12:40:00,2,2
2025-02-10 12:50:00,2,2
2025-02-10 13:00:00,2,2
2025-02-10 13:10:00,2,2
2025-02-10 13:20:00,2,2
2025-02-10 13:30:00,2,2
2025-02-10 13:40:00,2,2
2025-02-10 13:50:00,2,2
2025-02-10 14:00:00,0,1
2025-02-10 14:10:00,1,0
2025-02-10 14:20:00,1,0
2025-02-10 14:30:00,1,1
2025-02-10 14:40:00,2,2
2025-02-10 14:50:00,0,1
2025-02-10 15:00:00,2,2
2025-02-10 15:10:00,2,2
2025-02-10 15:20:00,2,2
2025-02-10 15:30:00,2,2
2025-02-10 15:40:00,2,2
2025-02-10 15:50:00,2,2
2025-02-10 16:00:00,1,0
2025-02-10 16:10:00,1,0
2025-02-10 16:20:00,1,0
2025-02-10 16:30:00,1,0
2025-02-10 16:40:00,1,0
2025-02-10 16:50:00,1,1
2025-02-10 17:00:00,1,1
2025-02-10 17:10:00,1,0
2025-02-10 17:20:00,2,2
2025-02-10 17:30:00,1,1
2025-02-10 17:40:00,1,1
2025-02-10 17:50:00,1,1
2025-02-10 18:00:00,1,1
2025-02-10 18:10:00,1,1
2025-02-10 18:20:00,2,2
2025-02-10 18:30:00,1,1
2025-02-10 18:40:00,1,1
2025-02-10 18:50:00,1,1
2025-02-10 19:00:00,2,2
2025-02-10 19:10:00,1,1
2025-02-10 19:20:00,2,2
2025-02-10 19:30:00,1,1
2025-02-10 19:40:00,2,2
2025-02-10 19:50:00,2,2
2025-02-10 20:00:00,1,1
2025-02-10 20:10:00,2,2
2025-02-10 20:20:00,1,1
2025-02-10 20:30:00,1,0
2025-02-10 20:40:00,2,2
2025-02-10 20:50:00,1,0
2025-02-10 21:00:00,1,1
2025-02-10 21:10:00,1,1
2025-02-10 21:20:00,2,2
2025-02-10 21:30:00,2,2
2025-02-10 21:40:00,1,0
2025-02-10 21:50:00,1,1
2025-02-10 22:00:00,1,1
2025-02-10 22:10:00,1,0
2025-02-10 22:20:00,2,2
2025-02-10 22:30:00,1,0
2025-02-10 22:40:00,1,1
2025-02-10 22:50:00,1,1
2025-02-10 23:00:00,1,1
2025-02-10 23:10:00,1,1
2025-02-10 23:20:00,1,1
2025-02-10 23:30:00,1,1
2025-02-10 23:40:00,1,1
2025-02-10 23:50:00,1,1
2025-02-11 00:00:00,1,1
2025-02-11 00:10:00,1,0
2025-02-11 00:20:00,2,2
2025-02-11 00:30:00,2,2
2025-02-11 00:40:00,2,2
2025-02-11 00:50:00,2,2
2025-02-11 01:00:00,2,2
2025-02-11 01:10:00,1,0
2025-02-11 01:20:00,1,0
2025-02-11 01:30:00,1,1
2025-02-11 01:40:00,1,1
2025-02-11 01:50:00,1,1
2025-02-11 02:00:00,1,1
2025-02-11 02:10:00,1,0
2025-02-11 02:20:00,1,1
2025-02-11 02:30:00,1,1
2025-02-11 02:40:00,1,1
2025-02-11 02:50:00,2,2
2025-02-11 03:00:00,2,2
2025-02-11 03:10:00,1,1
2025-02-11 03:20:00,1,1
2025-02-11 03:30:00,2,2
2025-02-11 03:40:00,1,1
2025-02-11 03:50:00,2,2
2025-02-11 04:00:00,1,0
2025-02-11 04:10:00,1,0
2025-02-11 04:20:00,1,0
2025-02-11 04:30:00,1,0
2025-02-11 04:40:00,1,1
2025-02-11 04:50:00,1,1
2025-02-11 05:00:00,1,1
2025-02-11 05:10:00,2,2
2025-02-11 05:20:00,1,1
2025-02-11 05:30:00,1,1
2025-02-11 05:40:00,2,2
2025-02-11 05:50:00,2,2
2025-02-11 06:00:00,2,2
2025-02-11 06:10:00,1,1
2025-02-11 06:20:00,2,2
2025-02-11 06:30:00,1,1
2025-02-11 06:40:00,2,2
2025-02-11 06:50:00,2,2
2025-02-11 07:00:00,2,2
2025-02-11 07:10:00,2,2
2025-02-11 07:20:00,2,2
2025-02-11 07:30:00,2,2
2025-02-11 07:40:00,2,2
2025-02-11 07:50:00,2,2
2025-02-11 08:00:00,0,0
2025-02-11 08:10:00,2,2
2025-02-11 08:20:00,0,0
2025-02-11 08:30:00,0,1
2025-02-11 08:40:00,2,2
2025-02-11 08:50:00,2,2
2025-02-11 09:00:00,1,1
2025-02-11 09:10:00,1,1
2025-02-11 09:20:00,1,1
2025-02-11 09:30:00,1,1
2025-02-11 09:40:00,1,0
2025-02-11 09:50:00,1,0
2025-02-11 10:00:00,1,0
2025-02-11 10:10:00,1,1
2025-02-11 10:20:00,1,1
2025-02-11 10:30:00,2,2
2025-02-11 10:40:00,1,1
2025-02-11 10:50:00,2,2
2025-02-11 11:00:00,0,0
2025-02-11 11:10:00,0,0
2025-02-11 11:20:00,0,1
2025-02-11 11:30:00,0,1
2025-02-11 11:40:00,0,1
2025-02-11 11:50:00,2,2
2025-02-11 12:00:00,0,1
2025-02-11 12:10:00,2,2
2025-02-11 12:20:00,2,2
2025-02-11 12:30:00,2,2
2025-02-11 12:40:00,2,2
2025-02-11 12:50:00,0,1
2025-02-11 13:00:00,2,2
2025-02-11 13:10:00,2,2
2025-02-11 13:20:00,0,1
2025-02-11 13:30:00,2,2
2025-02-11 13:40:00,2,2
2025-02-11 13:50:00,2,2
2025-02-11 14:00:00,0,1
2025-02-11 14:10:00,0,1
2025-02-11 14:20:00,2,2
2025-02-11 14:30:00,2,2
2025-02-11 14:40:00,0,1
2025-02-11 14:50:00,0,0
2025-02-11 15:00:00,0,0
2025-02-11 15:10:00,0,0
2025-02-11 15:20:00,0,0
2025-02-11 15:30:00,0,0
2025-02-11 15:40:00,0,0
2025-02-11 15:50:00,0,0
2025-02-11 16:00:00,0,0
2025-02-11 16:10:00,0,0
2025-02-11 16:20:00,0,0
2025-02-11 16:30:00,0,1
2025-02-11 16:40:00,0,0
2025-02-11 16:50:00,0,0
2025-02-11 17:00:00,0,0
2025-02-11 17:10:00,0,0
2025-02-11 17:20:00,0,0
2025-02-11 17:30:00,0,1
2025-02-11 17:40:00,0,1
2025-02-11 17:50:00,0,1
2025-02-11 18:00:00,0,0
2025-02-11 18:10:00,0,0
2025-02-11 18:20:00,0,1
2025-02-11 18:30:00,2,2
2025-02-11 18:40:00,0,0
2025-02-11 18:50:00,0,0
2025-02-11 19:00:00,0,0
2025-02-11 19:10:00,0,0
2025-02-11 19:20:00,0,1
2025-02-11 19:30:00,0,0
2025-02-11 19:40:00,0,0
2025-02-11 19:50:00,2,2
2025-02-11 20:00:00,0,0
2025-02-11 20:10:00,0,0
2025-02-11 20:20:00,2,2
2025-02-11 20:30:00,0,1
2025-02-11 20:40:00,0,1
2025-02-11 20:50:00,0,1
2025-02-11 21:00:00,0,0
2025-02-11 21:10:00,0,1
2025-02-11 21:20:00,2,2
2025-02-11 21:30:00,2,2
2025-02-11 21:40:00,2,2
2025-02-11 21:50:00,2,2
2025-02-11 22:00:00,0,1
2025-02-11 22:10:00,0,1
2025-02-11 22:20:00,2,2
2025-02-11 22:30:00,2,2
2025-02-11 22:40:00,2,2
2025-02-11 22:50:00,0,1
2025-02-11 23:00:00,0,1
2025-02-11 23:10:00,2,2
2025-02-11 23:20:00,0,0
2025-02-11 23:30:00,2,2
2025-02-11 23:40:00,2,2
2025-02-11 23:50:00,0,1
2025-02-12 00:00:00,0,1
2025-02-12 00:10:00,2,2
2025-02-12 00:20:00,2,2
2025-02-12 00:30:00,2,2
2025-02-12 00:40:00,2,2
2025-02-12 00:50:00,0,1
2025-02-12 01:00:00,2,2
2025-02-12 01:10:00,2,2
2025-02-12 01:20:00,2,2
2025-02-12 01:30:00,2,2
2025-02-12 01:40:00,2,2
2025-02-12 01:50:00,0,1
2025-02-12 02:00:00,2,2
2025-02-12 02:10:00,2,2
2025-02-12 02:20:00,2,2
2025-02-12 02:30:00,2,2
2025-02-12 02:40:00,2,2
2025-02-12 02:50:00,0,0
2025-02-12 03:00:00,0,1
2025-02-12 03:10:00,0,1
2025-02-12 03:20:00,2,2
2025-02-12 03:30:00,2,2
2025-02-12 03:40:00,2,2
2025-02-12 03:50:00,2,2
2025-02-12 04:00:00,0,1
2025-02-12 04:10:00,2,2
2025-02-12 04:20:00,2,2
2025-02-12 04:30:00,0,1
2025-02-12 04:40:00,0,1
2025-02-12 04:50:00,0,1
2025-02-12 05:00:00,0,1
2025-02-12 05:10:00,2,2
2025-02-12 05:20:00,2,2
2025-02-12 05:30:00,2,2
2025-02-12 05:40:00,0,1
2025-02-12 05:50:00,2,2
2025-02-12 06:00:00,2,2
2025-02-12 06:10:00,2,2
2025-02-12 06:20:00,2,2
2025-02-12 06:30:00,0,1
2025-02-12 06:40:00,0,1
2025-02-12 06:50:00,0,1
2025-02-12 07:00:00,0,1
2025-02-12 07:10:00,0,1
2025-02-12 07:20:00,2,2
2025-02-12 07:30:00,2,2
2025-02-12 07:40:00,2,2
2025-02-12 07:50:00,2,2
2025-02-12 08:00:00,2,2
2025-02-12 08:10:00,2,2
2025-02-12 08:20:00,2,2
2025-02-12 08:30:00,0,1
2025-02-12 08:40:00,1,1
2025-02-12 08:50:00,2,2
2025-02-12 09:00:00,0,1
2025-02-12 09:10:00,2,2
2025-02-12 09:20:00,2,2
2025-02-12 09:30:00,0,1
2025-02-12 09:40:00,2,2
2025-02-12 09:50:00,0,1
2025-02-12 10:00:00,0,1
2025-02-12 10:10:00,0,1
2025-02-12 10:20:00,0,0
2025-02-12 10:30:00,2,2
2025-02-12 10:40:00,0,1
2025-02-12 10:50:00,0,1
2025-02-12 11:00:00,2,2
2025-02-12 11:10:00,2,2
2025-02-12 11:20:00,2,2
2025-02-12 11:30:00,2,2
2025-02-12 11:40:00,2,2
2025-02-12 11:50:00,2,2
2025-02-12 12:00:00,0,1
2025-02-12 12:10:00,0,1
2025-02-12 12:20:00,2,2
2025-02-12 12:30:00,2,2
2025-02-12 12:40:00,2,2
2025-02-12 12:50:00,2,2
2025-02-12 13:00:00,2,2
2025-02-12 13:10:00,2,2
2025-02-12 13:20:00,0,0
2025-02-12 13:30:00,0,1
2025-02-12 13:40:00,0,1
2025-02-12 13:50:00,0,1
2025-02-12 14:00:00,0,1
2025-02-12 14:10:00,2,2
2025-02-12 14:20:00,0,1
2025-02-12 14:30:00,2,2
2025-02-12 14:40:00,0,1
2025-02-12 14:50:00,0,1
2025-02-12 15:00:00,2,2
2025-02-12 15:10:00,2,2
2025-02-12 15:20:00,2,2
2025-02-12 15:30:00,1,0
2025-02-12 15:40:00,1,0
2025-02-12 15:50:00,1,0
2025-02-12 16:00:00,1,0
2025-02-12 16:10:00,1,0
2025-02-12 16:20:00,1,1
2025-02-12 16:30:00,1,1
2025-02-12 16:40:00,2,2
2025-02-12 16:50:00,2,2
2025-02-12 17:00:00,2,2
2025-02-12 17:10:00,2,2
2025-02-12 17:20:00,1,1
2025-02-12 17:30:00,2,2
2025-02-12 17:40:00,0,0
2025-02-12 17:50:00,0,1
2025-02-12 18:00:00,0,1
2025-02-12 18:10:00,0,1
2025-02-12 18:20:00,2,2
2025-02-12 18:30:00,2,2
2025-02-12 18:40:00,0,1
2025-02-12 18:50:00,2,2
2025-02-12 19:00:00,2,2
2025-02-12 19:10:00,0,0
2025-02-12 19:20:00,2,2
2025-02-12 19:30:00,2,2
2025-02-12 19:40:00,0,1
2025-02-12 19:50:00,0,0
2025-02-12 20:00:00,0,1
2025-02-12 20:10:00,0,1
2025-02-12 20:20:00,0,0
2025-02-12 20:30:00,0,1
2025-02-12 20:40:00,0,1
2025-02-12 20:50:00,2,2
2025-02-12 21:00:00,2,2
2025-02-12 21:10:00,2,2
2025-02-12 21:20:00,2,2
2025-02-12 21:30:00,2,2
2025-02-12 21:40:00,2,2
2025-02-12 21:50:00,2,2
2025-02-12 22:00:00,2,2
2025-02-12 22:10:00,1,0
2025-02-12 22:20:00,2,2
2025-02-12 22:30:00,2,2
2025-02-12 22:40:00,2,2
2025-02-12 22:50:00,2,2
2025-02-12 23:00:00,2,2
2025-02-12 23:10:00,2,2
2025-02-12 23:20:00,2,2
2025-02-12 23:30:00,2,2
2025-02-12 23:40:00,1,1
2025-02-12 23:50:00,2,2
2025-02-13 00:00:00,2,2
2025-02-13 00:10:00,1,1
2025-02-13 00:20:00,2,2
2025-02-13 00:30:00,1,1
2025-02-13 00:40:00,2,2
2025-02-13 00:50:00,2,2
2025-02-13 01:00:00,2,2
2025-02-13 01:10:00,2,2
2025-02-13 01:20:00,2,2
2025-02-13 01:30:00,2,2
2025-02-13 01:40:00,2,2
2025-02-13 01:50:00,2,2
2025-02-13 02:00:00,2,2
2025-02-13 02:10:00,2,2
2025-02-13 02:20:00,2,2
2025-02-13 02:30:00,2,2
2025-02-13 02:40:00,2,2
2025-02-13 02:50:00,0,1
2025-02-13 03:00:00,1,1
2025-02-13 03:10:00,1,1
2025-02-13 03:20:00,2,2
2025-02-13 03:30:00,2,2
2025-02-13 03:40:00,1,1
2025-02-13 03:50:00,2,2
2025-02-13 04:00:00,2,2
2025-02-13 04:10:00,2,2
2025-02-13 04:20:00,2,2
2025-02-13 04:30:00,2,2
2025-02-13 04:40:00,0,1
2025-02-13 04:50:00,0,0
2025-02-13 05:00:00,0,0
2025-02-13 05:10:00,0,0
2025-02-13 05:20:00,2,2
2025-02-13 05:30:00,0,0
2025-02-13 05:40:00,0,0
2025-02-13 05:50:00,0,0
2025-02-13 06:00:00,0,0
2025-02-13 06:10:00,0,0
2025-02-13 06:20:00,2,2
2025-02-13 06:30:00,0,0
2025-02-13 06:40:00,0,0
2025-02-13 06:50:00,2,2
2025-02-13 07:00:00,0,0
2025-02-13 07:10:00,0,1
2025-02-13 07:20:00,0,0
2025-02-13 07:30:00,2,2
2025-02-13 07:40:00,2,2
2025-02-13 07:50:00,2,2
2025-02-13 08:00:00,0,1
2025-02-13 08:10:00,0,1
2025-02-13 08:20:00,0,1
2025-02-13 08:30:00,0,1
2025-02-13 08:40:00,2,2
2025-02-13 08:50:00,0,1
2025-02-13 09:00:00,0,0
2025-02-13 09:10:00,2,2
2025-02-13 09:20:00,0,1
2025-02-13 09:30:00,0,1
2025-02-13 09:40:00,0,1
2025-02-13 09:50:00,2,2
2025-02-13 10:00:00,0,1
2025-02-13 10:10:00,0,0
2025-02-13 10:20:00,2,2
2025-02-13 10:30:00,0,1
2025-02-13 10:40:00,0,1
2025-02-13 10:50:00,2,2
2025-02-13 11:00:00,0,1
2025-02-13 11:10:00,2,2
2025-02-13 11:20:00,1,1
2025-02-13 11:30:00,2,2
2025-02-13 11:40:00,2,2
2025-02-13 11:50:00,2,2
2025-02-13 12:00:00,0,1
2025-02-13 12:10:00,2,2
2025-02-13 12:20:00,2,2
2025-02-13 12:30:00,0,1
2025-02-13 12:40:00,2,2
2025-02-13 12:50:00,2,2
2025-02-13 13:00:00,1,1
2025-02-13 13:10:00,1,1
2025-02-13 13:20:00,2,2
2025-02-13 13:30:00,2,2
2025-02-13 13:40:00,0,1
2025-02-13 13:50:00,2,2
2025-02-13 14:00:00,2,2
2025-02-13 14:10:00,1,0
2025-02-13 14:20:00,2,2
2025-02-13 14:30:00,2,2
2025-02-13 14:40:00,2,2
2025-02-13 14:50:00,2,2
2025-02-13 15:00:00,2,2
2025-02-13 15:10:00,1,1
2025-02-13 15:20:00,0,1
2025-02-13 15:30:00,2,2
2025-02-13 15:40:00,2,2
2025-02-13 16:00:00,2,2
2025-02-13 16:10:00,2,2
2025-02-13 16:20:00,1,1
2025-02-13 16:30:00,2,2
2025-02-13 16:40:00,2,2
2025-02-13 16:50:00,2,2
2025-02-13 17:00:00,2,2
2025-02-13 17:10:00,0,0
2025-02-13 17:20:00,0,0
2025-02-13 17:30:00,0,1
2025-02-13 17:40:00,0,0
2025-02-13 17:50:00,0,0
2025-02-13 18:00:00,0,0
2025-02-13 18:10:00,0,0
2025-02-13 18:20:00,0,0
2025-02-13 18:30:00,0,1
2025-02-13 18:40:00,0,0
2025-02-13 18:50:00,0,1
2025-02-13 19:00:00,2,2
2025-02-13 19:10:00,2,2
2025-02-13 19:20:00,2,2
2025-02-13 19:30:00,0,1
2025-02-13 19:40:00,0,1
2025-02-13 19:50:00,0,1
2025-02-13 20:00:00,2,2
2025-02-13 20:10:00,2,2
2025-02-13 20:20:00,0,1
2025-02-13 20:30:00,2,2
2025-02-13 20:40:00,0,1
2025-02-13 20:50:00,0,1
2025-02-13 21:00:00,2,2
2025-02-13 21:10:00,2,2
2025-02-13 21:20:00,2,2
2025-02-13 21:30:00,0,1
2025-02-13 21:40:00,0,1
2025-02-13 21:50:00,0,1
2025-02-13 22:00:00,2,2
2025-02-13 22:10:00,1,1
2025-02-13 22:20:00,2,2
2025-02-13 22:30:00,2,2
2025-02-13 22:40:00,2,2
2025-02-13 22:50:00,0,1
2025-02-13 23:00:00,2,2
2025-02-13 23:10:00,0,1
2025-02-13 23:20:00,2,2
2025-02-13 23:30:00,2,2
2025-02-13 23:40:00,2,2
2025-02-13 23:50:00,0,1
2025-02-14 00:00:00,2,2
2025-02-14 00:10:00,2,2
2025-02-14 00:20:00,2,2
2025-02-14 00:30:00,0,1
2025-02-14 00:40:00,0,1
2025-02-14 00:50:00,2,2
2025-02-14 01:00:00,0,1
2025-02-14 01:10:00,2,2
2025-02-14 01:20:00,1,1
2025-02-14 01:30:00,0,0
2025-02-14 01:40:00,0,1
2025-02-14 01:50:00,1,1
2025-02-14 02:00:00,2,2
2025-02-14 02:10:00,0,1
2025-02-14 02:20:00,2,2
2025-02-14 02:30:00,2,2
2025-02-14 02:40:00,2,2
2025-02-14 02:50:00,2,2
2025-02-14 03:00:00,2,2
2025-02-14 03:10:00,2,2
2025-02-14 03:20:00,1,1
2025-02-14 03:30:00,2,2
2025-02-14 03:40:00,2,2
2025-02-14 03:50:00,2,2
2025-02-14 04:00:00,2,2
2025-02-14 04:10:00,2,2
2025-02-14 04:20:00,2,2
2025-02-14 04:30:00,2,2
2025-02-14 04:40:00,2,2
2025-02-14 04:50:00,2,2
2025-02-14 05:00:00,2,2
2025-02-14 05:10:00,2,2
2025-02-14 05:20:00,0,1
2025-02-14 05:30:00,2,2
2025-02-14 05:40:00,2,2
2025-02-14 05:50:00,2,2
2025-02-14 06:00:00,2,2
2025-02-14 06:10:00,2,2
2025-02-14 06:20:00,0,1
2025-02-14 06:30:00,2,2
2025-02-14 06:40:00,2,2
2025-02-14 06:50:00,1,1
2025-02-14 07:00:00,2,2
2025-02-14 07:10:00,1,1
2025-02-14 07:20:00,2,2
2025-02-14 07:30:00,0,1
2025-02-14 07:40:00,2,2
2025-02-14 07:50:00,2,2
2025-02-14 08:00:00,1,1
2025-02-14 08:10:00,2,2
2025-02-14 08:20:00,2,2
2025-02-14 08:30:00,2,2
2025-02-14 08:40:00,0,1
2025-02-14 08:50:00,2,2
2025-02-14 09:00:00,2,2
2025-02-14 09:10:00,2,2
2025-02-14 09:20:00,2,2
2025-02-14 09:30:00,2,2
2025-02-14 09:40:00,0,1
2025-02-14 09:50:00,2,2
2025-02-14 10:00:00,2,2
2025-02-14 10:10:00,1,1
2025-02-14 10:20:00,1,1
2025-02-14 10:30:00,2,2
2025-02-14 10:40:00,2,2
2025-02-14 10:50:00,0,1
2025-02-14 11:00:00,0,1
2025-02-14 11:10:00,2,2
2025-02-14 11:20:00,2,2
2025-02-14 11:30:00,0,1
2025-02-14 11:40:00,0,1
2025-02-14 11:50:00,0,1
2025-02-14 12:00:00,2,2
2025-02-14 12:10:00,2,2
2025-02-14 12:20:00,2,2
2025-02-14 12:30:00,0,1
2025-02-14 12:40:00,2,2
2025-02-14 12:50:00,2,2
2025-02-14 13:00:00,2,2
2025-02-14 13:10:00,2,2
2025-02-14 13:20:00,2,2
2025-02-14 13:30:00,2,2
2025-02-14 13:40:00,2,2
2025-02-14 13:50:00,0,1
2025-02-14 14:00:00,2,2
2025-02-14 14:10:00,0,1
2025-02-14 14:20:00,0,1
2025-02-14 14:30:00,0,1
2025-02-14 14:40:00,2,2
2025-02-14 14:50:00,0,1
2025-02-14 15:00:00,2,2
2025-02-14 15:10:00,2,2
2025-02-14 15:20:00,2,2
2025-02-14 15:30:00,2,2
2025-02-14 15:40:00,2,2
2025-02-14 15:50:00,0,1
2025-02-14 16:00:00,0,1
2025-02-14 16:10:00,2,2
2025-02-14 16:20:00,0,0
2025-02-14 16:30:00,0,0
2025-02-14 16:40:00,0,0
2025-02-14 16:50:00,0,0
2025-02-14 17:00:00,0,0
2025-02-14 17:10:00,0,1
2025-02-14 17:20:00,0,1
2025-02-14 17:30:00,0,1
2025-02-14 17:40:00,2,2
2025-02-14 17:50:00,0,1
2025-02-14 18:00:00,0,0
2025-02-14 18:10:00,2,2
2025-02-14 18:20:00,2,2
2025-02-14 18:30:00,2,2
2025-02-14 18:40:00,0,1
2025-02-14 18:50:00,2,2
2025-02-14 19:00:00,0,0
2025-02-14 19:10:00,0,0
2025-02-14 19:20:00,2,2
2025-02-14 19:30:00,2,2
2025-02-14 19:40:00,2,2
2025-02-14 19:50:00,2,2
2025-02-14 20:00:00,0,1
2025-02-14 20:10:00,0,1
2025-02-14 20:20:00,0,1
2025-02-14 20:30:00,2,2
2025-02-14 20:40:00,2,2
2025-02-14 20:50:00,2,2
2025-02-14 21:00:00,2,2
2025-02-14 21:10:00,2,2
2025-02-14 21:20:00,1,1
2025-02-14 21:30:00,2,2
2025-02-14 21:40:00,2,2
2025-02-14 21:50:00,2,2
2025-02-14 22:00:00,1,0
2025-02-14 22:10:00,1,0
2025-02-14 22:20:00,1,0
2025-02-14 22:30:00,1,1
2025-02-14 22:40:00,1,0
2025-02-14 22:50:00,1,0
2025-02-14 23:00:00,1,0
2025-02-14 23:10:00,1,1
2025-02-14 23:20:00,1,1
2025-02-14 23:30:00,1,1
2025-02-14 23:40:00,2,2
2025-02-17 08:50:00,2,2
2025-02-17 09:00:00,2,2
2025-02-17 09:10:00,2,2
2025-02-17 09:20:00,2,2
2025-02-17 09:30:00,2,2
2025-02-17 09:40:00,1,1
2025-02-17 09:50:00,2,2
2025-02-17 10:00:00,2,2
2025-02-17 10:10:00,0,1
2025-02-17 10:20:00,2,2
2025-02-17 10:30:00,2,2
2025-02-17 10:40:00,0,1
2025-02-17 10:50:00,2,2
2025-02-17 11:00:00,2,2
2025-02-17 11:10:00,2,2
2025-02-17 11:20:00,2,2
2025-02-17 11:30:00,0,1
2025-02-17 11:40:00,2,2
2025-02-17 11:50:00,2,2
2025-02-17 12:00:00,0,1
2025-02-17 12:10:00,2,2
2025-02-17 12:20:00,2,2
2025-02-17 12:30:00,2,2
2025-02-17 12:40:00,2,2
2025-02-17 12:50:00,2,2
2025-02-17 13:00:00,0,1
2025-02-17 13:10:00,2,2
2025-02-17 13:20:00,2,2
2025-02-17 13:30:00,0,1
2025-02-17 13:40:00,2,2
2025-02-17 13:50:00,1,1
2025-02-17 14:00:00,2,2
2025-02-17 14:10:00,2,2
2025-02-17 14:20:00,0,1
2025-02-17 14:30:00,2,2
2025-02-17 14:40:00,2,2
2025-02-17 14:50:00,2,2
2025-02-17 15:00:00,1,1
2025-02-17 15:10:00,1,1
2025-02-17 15:20:00,2,2
2025-02-17 15:30:00,2,2
2025-02-17 15:40:00,2,2
2025-02-17 15:50:00,2,2
2025-02-17 16:00:00,2,2
2025-02-17 16:10:00,1,1
2025-02-17 16:20:00,2,2
2025-02-17 16:30:00,2,2
2025-02-17 16:40:00,2,2
2025-02-17 16:50:00,2,2
2025-02-17 17:00:00,2,2
2025-02-17 17:10:00,2,2
2025-02-17 17:20:00,2,2
2025-02-17 17:30:00,2,2
2025-02-17 17:40:00,2,2
2025-02-17 17:50:00,0,0
2025-02-17 18:00:00,0,0
2025-02-17 18:10:00,0,0
2025-02-17 18:20:00,0,0
2025-02-17 18:30:00,0,0
2025-02-17 18:40:00,0,0
2025-02-17 18:50:00,0,1
2025-02-17 19:00:00,0,0
2025-02-17 19:10:00,0,0
2025-02-17 19:20:00,0,0
2025-02-17 19:30:00,0,0
2025-02-17 19:40:00,0,0
2025-02-17 19:50:00,0,0
2025-02-17 20:00:00,0,1
2025-02-17 20:10:00,0,0
2025-02-17 20:20:00,0,0
2025-02-17 20:30:00,0,1
2025-02-17 20:40:00,0,0
2025-02-17 20:50:00,0,0
2025-02-17 21:00:00,0,0
2025-02-17 21:10:00,0,0
2025-02-17 21:20:00,0,0
2025-02-17 21:30:00,0,1
2025-02-17 21:50:00,0,1
2025-02-17 22:00:00,0,1
2025-02-17 22:10:00,0,1
2025-02-17 22:20:00,2,2
2025-02-17 22:30:00,2,2
2025-02-17 22:40:00,2,2
2025-02-17 22:50:00,2,2
2025-02-17 23:00:00,2,2
2025-02-17 23:10:00,2,2
2025-02-17 23:20:00,2,2
2025-02-17 23:30:00,2,2
2025-02-17 23:40:00,0,1
2025-02-17 23:50:00,0,1
2025-02-18 00:00:00,0,1
2025-02-18 00:10:00,1,1
2025-02-18 00:20:00,1,1
2025-02-18 00:30:00,2,2
2025-02-18 00:40:00,0,1
2025-02-18 00:50:00,2,2
2025-02-18 01:00:00,1,1
2025-02-18 01:10:00,1,1
2025-02-18 01:20:00,2,2
2025-02-18 01:30:00,2,2
2025-02-18 01:40:00,2,2
2025-02-18 01:50:00,2,2
2025-02-18 02:00:00,2,2
2025-02-18 02:10:00,1,1
2025-02-18 02:20:00,2,2
2025-02-18 02:30:00,1,0
2025-02-18 02:40:00,1,0
2025-02-18 02:50:00,1,0
2025-02-18 03:00:00,1,0
2025-02-18 03:10:00,1,0
2025-02-18 03:20:00,1,0
2025-02-18 03:30:00,2,2
2025-02-18 03:40:00,1,0
2025-02-18 03:50:00,1,1
2025-02-18 04:00:00,2,2
2025-02-18 04:10:00,2,2
2025-02-18 04:20:00,2,2
2025-02-18 04:30:00,2,2
2025-02-18 04:40:00,2,2
2025-02-18 04:50:00,2,2
2025-02-18 05:00:00,0,1
2025-02-18 05:10:00,2,2
2025-02-18 05:20:00,2,2
2025-02-18 05:30:00,2,2
2025-02-18 05:40:00,2,2
2025-02-18 05:50:00,0,1
2025-02-18 06:00:00,2,2
2025-02-18 06:10:00,2,2
2025-02-18 06:20:00,2,2
2025-02-18 06:30:00,2,2
2025-02-18 06:40:00,0,0
2025-02-18 06:50:00,1,1
2025-02-18 07:00:00,2,2
2025-02-18 07:10:00,2,2
2025-02-18 07:20:00,2,2
2025-02-18 07:30:00,2,2
2025-02-18 07:40:00,2,2
2025-02-18 07:50:00,2,2
2025-02-18 08:00:00,2,2
2025-02-18 08:10:00,2,2
2025-02-18 08:20:00,1,1
2025-02-18 08:30:00,2,2
2025-02-18 08:40:00,1,1
2025-02-18 08:50:00,2,2
2025-02-18 09:00:00,1,1
2025-02-18 09:10:00,1,1
2025-02-18 09:20:00,2,2
2025-02-18 09:30:00,2,2
2025-02-18 09:40:00,1,1
2025-02-18 09:50:00,2,2
2025-02-18 10:00:00,2,2
2025-02-18 10:10:00,2,2
2025-02-18 10:20:00,1,1
2025-02-18 10:30:00,2,2
2025-02-18 10:40:00,1,1
2025-02-18 10:50:00,0,1
2025-02-18 11:00:00,2,2
2025-02-18 11:10:00,0,1
2025-02-18 11:20:00,2,2
2025-02-18 11:30:00,1,0
2025-02-18 11:40:00,0,1
2025-02-18 11:50:00,2,2
2025-02-18 12:00:00,2,2
2025-02-18 12:10:00,2,2
2025-02-18 12:20:00,2,2
2025-02-18 12:30:00,2,2
2025-02-18 12:40:00,2,2
2025-02-18 12:50:00,1,1
2025-02-18 13:00:00,2,2
2025-02-18 13:10:00,2,2
2025-02-18 13:20:00,2,2
2025-02-18 13:30:00,2,2
2025-02-18 13:40:00,2,2
2025-02-18 13:50:00,2,2
2025-02-18 14:00:00,2,2
2025-02-18 14:10:00,2,2
2025-02-18 14:20:00,2,2
2025-02-18 14:30:00,1,0
2025-02-18 14:40:00,1,1
2025-02-18 14:50:00,1,1
2025-02-18 15:00:00,1,0
2025-02-18 15:10:00,1,1
2025-02-18 15:20:00,1,1
2025-02-18 15:30:00,1,1
2025-02-18 15:40:00,2,2
2025-02-18 15:50:00,1,1
2025-02-18 16:00:00,1,1
2025-02-18 16:10:00,1,1
2025-02-18 16:20:00,1,1
2025-02-18 16:30:00,1,1
2025-02-18 16:40:00,2,2
2025-02-18 16:50:00,2,2
2025-02-18 17:00:00,2,2
2025-02-18 17:10:00,0,1
2025-02-18 17:20:00,0,0
2025-02-18 17:30:00,2,2
2025-02-18 17:40:00,0,1
2025-02-18 17:50:00,0,1
2025-02-18 18:00:00,0,0
2025-02-18 18:10:00,0,0
2025-02-18 18:20:00,2,2
2025-02-18 18:30:00,2,2
2025-02-18 18:40:00,2,2
2025-02-18 18:50:00,2,2
2025-02-18 19:00:00,2,2
2025-02-18 19:10:00,2,2
2025-02-18 19:20:00,2,2
2025-02-18 19:30:00,1,1
2025-02-18 19:40:00,2,2
2025-02-18 19:50:00,2,2
2025-02-18 20:00:00,1,1
2025-02-18 20:10:00,2,2
2025-02-18 20:20:00,2,2
2025-02-18 20:30:00,0,1
2025-02-18 20:40:00,2,2
2025-02-18 20:50:00,1,1
2025-02-18 21:00:00,2,2
2025-02-18 21:10:00,2,2
2025-02-18 21:20:00,1,1
2025-02-18 21:30:00,1,0
2025-02-18 21:40:00,1,1
2025-02-18 21:50:00,2,2
2025-02-18 22:00:00,1,1
2025-02-18 22:10:00,1,1
2025-02-18 22:20:00,1,1
2025-02-18 22:30:00,2,2
2025-02-18 22:40:00,2,2
2025-02-18 22:50:00,2,2
2025-02-18 23:00:00,2,2
2025-02-18 23:10:00,0,1
2025-02-18 23:20:00,0,1
2025-02-18 23:30:00,2,2
2025-02-18 23:40:00,2,2
2025-02-18 23:50:00,2,2
2025-02-19 00:00:00,2,2
2025-02-19 00:10:00,2,2
2025-02-19 00:20:00,0,0
2025-02-19 00:30:00,0,0
2025-02-19 00:40:00,0,0
2025-02-19 00:50:00,0,0
2025-02-19 01:00:00,0,1
2025-02-19 01:10:00,2,2
2025-02-19 01:20:00,2,2
2025-02-19 01:30:00,2,2
2025-02-19 01:40:00,0,1
2025-02-19 01:50:00,2,2
2025-02-19 02:00:00,2,2
2025-02-19 02:10:00,0,1
2025-02-19 02:20:00,0,1
2025-02-19 02:30:00,0,1
2025-02-19 02:40:00,0,1
2025-02-19 02:50:00,2,2
2025-02-19 03:00:00,0,1
2025-02-19 03:10:00,2,2
2025-02-19 03:20:00,2,2
2025-02-19 03:30:00,2,2
2025-02-19 03:40:00,0,1
2025-02-19 03:50:00,0,1
2025-02-19 04:00:00,1,1
2025-02-19 04:10:00,2,2
2025-02-19 04:20:00,0,1
2025-02-19 04:30:00,2,2
2025-02-19 04:40:00,2,2
2025-02-19 04:50:00,1,1
2025-02-19 05:00:00,2,2
2025-02-19 05:10:00,2,2
2025-02-19 05:20:00,0,1
2025-02-19 05:30:00,2,2
2025-02-19 05:40:00,0,1
2025-02-19 05:50:00,2,2
2025-02-19 06:00:00,2,2
2025-02-19 06:10:00,2,2
2025-02-19 06:20:00,0,0
2025-02-19 06:30:00,2,2
2025-02-19 06:40:00,2,2
2025-02-19 06:50:00,2,2
2025-02-19 07:00:00,2,2
2025-02-19 07:10:00,0,1
2025-02-19 07:20:00,2,2
2025-02-19 07:30:00,1,1
2025-02-19 07:40:00,2,2
2025-02-19 07:50:00,1,1
2025-02-19 08:00:00,2,2
